-- Tabla Pais
Insert into Pais values ('Italia');
Insert into Pais values ('Francia');
Insert into Pais values ('España');
Insert into Pais values ('Suiza');
Insert into Pais values ('Belgica');

select * 
from Pais;

-- Tabla Provincia
Insert into Provincia values ('Cataluña','España');
Insert into Provincia values ('Lieja','Belgica');
Insert into Provincia values ('Bastoña','Belgica');
Insert into Provincia values ('Lombardia','Italia');
Insert into Provincia values ('Valais','Suiza');
Insert into Provincia values ('Vaud','Suiza');
Insert into Provincia values ('Norte y alta Francia','Francia');
Insert into Provincia values ('Madrid','España');
Insert into Provincia values ('Castilla y Leon','España');
Insert into Provincia values ('Navarra','España');
Insert into Provincia values ('Grisones','Suiza');
Insert into Provincia values ('Sense','Suiza');
Insert into Provincia values ('Toscana','Italia');
Insert into Provincia values ('Liguria','Italia');
Insert into Provincia values ('Fandes','Belgica');
Insert into Provincia values ('Pais vasco','España');
Insert into Provincia values ('Auvernia-Ródano-Alpes','Francia');
Insert into Provincia values ('Nueva Aquitania','Francia');
Insert into Provincia values ('Isla de Francia','Francia');
Insert into Provincia values ('Campania','Italia');
Insert into Provincia values ('Piamonte','Italia');
Insert into Provincia values ('Lacio','Italia');
Insert into Provincia values ('Provenza-Alpes-Costa Azul','Francia');
Insert into Provincia values ('Abruzos','Italia');
Insert into Provincia values ('Marcas','Italia');

select *
from Provincia;

-- Tabla Municipios
Insert into Municipio values ('Barcelona','Cataluña');
Insert into Municipio values ('Lieja','Lieja');
Insert into Municipio values ('Bastoña','Bastoña');
Insert into Municipio values ('Vergamo','Lombardia');
Insert into Municipio values ('Como','Lombardia');
Insert into Municipio values ('Mataro','Cataluña');
Insert into Municipio values ('Sion','Valais');
Insert into Municipio values ('Crissier','Vaud');
Insert into Municipio values ('Roubaix','Norte y alta Francia');
Insert into Municipio values ('Madrid','Madrid');
Insert into Municipio values ('Valladolid','Castilla y Leon');
Insert into Municipio values ('Pamplona','Navarra');
Insert into Municipio values ('Guadarrama','Madrid');
Insert into Municipio values ('Chur','Grisones');
Insert into Municipio values ('Tafers','Sense');
Insert into Municipio values ('Siena','Toscana');
Insert into Municipio values ('Sanremo','Liguria');
Insert into Municipio values ('Brugge','Flandes');
Insert into Municipio values ('Oudenaarde','Fandes');
Insert into Municipio values ('Donostia-San Sebastian','Pais vasco');
Insert into Municipio values ('Chambon-sur-Lac','Auvernia-Ródano-Alpes');
Insert into Municipio values ('Cours','Auvernia-Ródano-Alpes');
Insert into Municipio values ('Mont-de-Marsan','Nueva Aquitania');
Insert into Municipio values ('Clermont-Ferrand','Auvernia-Ródano-Alpes');
Insert into Municipio values ('Paris','Isla de Francia');
Insert into Municipio values ('Salerno','Campania');
Insert into Municipio values ('Tortona','Piamonte');
Insert into Municipio values ('Roma','Lacio');
Insert into Municipio values ('Vitoria-Gasteiz','Pais vasco');
Insert into Municipio values ('Amorebieta','Pais vasco');
Insert into Municipio values ('Nice','Provenza-Alpes-Costa Azul');
Insert into Municipio values ('Fontainebleau','Isla de Francia');
Insert into Municipio values ('Tortoreto','Abruzos');
Insert into Municipio values ('San Benedetto del Tronto','Marcas');

select *
from Municipio;

-- Cod.Postal
Insert into `cod.postal` values (8001,'Barcelona');
Insert into `cod.postal` values (8002,'Barcelona');
Insert into `cod.postal` values (4000,'Lieja');
Insert into `cod.postal` values (6688,'Bastoña');
Insert into `cod.postal` values (24100,'Vergamo');
Insert into `cod.postal` values (22100,'Como');
Insert into `cod.postal` values (8301,'Mataro');
Insert into `cod.postal` values (1950,'Sion');
Insert into `cod.postal` values (1023,'Crissier');
Insert into `cod.postal` values (59100,'Roubaix');
Insert into `cod.postal` values (28001,'Madrid');
Insert into `cod.postal` values (28002,'Madrid');
Insert into `cod.postal` values (47001,'Valladolid');
Insert into `cod.postal` values (31001,'Pamplona');
Insert into `cod.postal` values (28440,'Guadarrama');
Insert into `cod.postal` values (7000,'Chur');
Insert into `cod.postal` values (1700,'Tafers');
Insert into `cod.postal` values (53100,'Siena');
Insert into `cod.postal` values (18038,'Sanremo');
Insert into `cod.postal` values (8000,'Brugge');
Insert into `cod.postal` values (8200,'Brugge');
Insert into `cod.postal` values (9636,'Oudenaarde');
Insert into `cod.postal` values (20002,'Donostia-San Sebastian');
Insert into `cod.postal` values (63790,'Chambon-sur-Lac');
Insert into `cod.postal` values (47360,'Cours');
Insert into `cod.postal` values (40090,'Mont-de-Marsan');
Insert into `cod.postal` values (63000,'Clermont-Ferrand');
Insert into `cod.postal` values (70123,'Paris');
Insert into `cod.postal` values (75000,'Paris');
Insert into `cod.postal` values (75003,'Paris');
Insert into `cod.postal` values (84121,'Salerno');
Insert into `cod.postal` values (15057,'Tortona');
Insert into `cod.postal` values (42,'Roma');
Insert into `cod.postal` values (100,'Roma');
Insert into `cod.postal` values (123,'Roma');
Insert into `cod.postal` values (1001,'Vitoria-Gasteiz');
Insert into `cod.postal` values (48290,'Amorebieta');
Insert into `cod.postal` values (6000,'Nice');
Insert into `cod.postal` values (6300,'Nice');
Insert into `cod.postal` values (77920,'Fontainebleau');
Insert into `cod.postal` values (64018,'Tortoreto');
Insert into `cod.postal` values (63074,'San Benedetto del Tronto');

select *
from `cod.postal`;

-- Tabla Corredor
Insert into Corredor (Nombre, Apellido, Nacionalidad, Altura, Peso, Fecha_nacimiento, Nº_carreras_corridas) values ('Filippo','Ganna','Italia',193,83,'1996-07-25',18);
Insert into Corredor (Nombre, Apellido, Nacionalidad, Altura, Peso, Fecha_nacimiento, Nº_carreras_corridas) values ('Egan','Bernal','Colombia',175,60,'1997-01-13',8);
Insert into Corredor (Nombre, Apellido, Nacionalidad, Altura, Peso, Fecha_nacimiento, Nº_carreras_corridas) values ('Thomas','Pidcock','Inglaterra',170,58,'1999-07-30',12);
Insert into Corredor (Nombre, Apellido, Nacionalidad, Altura, Peso, Fecha_nacimiento, Nº_carreras_corridas) values ('Geraint','Thomas','Inglaterra',183,71,'1986-05-25',8);
Insert into Corredor (Nombre, Apellido, Nacionalidad, Altura, Peso, Fecha_nacimiento, Nº_carreras_corridas) values ('Julian','Alaphilippe','Francia',173,62,'1992-06-11',27);
Insert into Corredor (Nombre, Apellido, Nacionalidad, Altura, Peso, Fecha_nacimiento, Nº_carreras_corridas) values ('Kasper','Asgreen','Dinamarca',192,75,'1995-02-08',24);
Insert into Corredor (Nombre, Apellido, Nacionalidad, Altura, Peso, Fecha_nacimiento, Nº_carreras_corridas) values ('Remco','Evenepoel','Belgica',171,61,'2000-01-25',14);
Insert into Corredor (Nombre, Apellido, Nacionalidad, Altura, Peso, Fecha_nacimiento, Nº_carreras_corridas) values ('Ilan','Van Wilder','Belgica',171,64,'2000-05-14',23);
Insert into Corredor (Nombre, Apellido, Nacionalidad, Altura, Peso, Fecha_nacimiento, Nº_carreras_corridas) values ('Joao','Almeida','Portugal',178,63,'1998-08-05',13);
Insert into Corredor (Nombre, Apellido, Nacionalidad, Altura, Peso, Fecha_nacimiento, Nº_carreras_corridas) values ('Juan','Ayuso','España',183,65,'2002-09-16',9);
Insert into Corredor (Nombre, Apellido, Nacionalidad, Altura, Peso, Fecha_nacimiento, Nº_carreras_corridas) values ('Adam','Yates','Inglaterra',173,58,'1992-08-07',12);
Insert into Corredor (Nombre, Apellido, Nacionalidad, Altura, Peso, Fecha_nacimiento, Nº_carreras_corridas) values ('Tadej','Pogacar','Eslovenia',176,66,'1998-09-21',19);
Insert into Corredor (Nombre, Apellido, Nacionalidad, Altura, Peso, Fecha_nacimiento, Nº_carreras_corridas) values ('Juan Pedro','Lopez','España',170,60,'1997-07-31',15);
Insert into Corredor (Nombre, Apellido, Nacionalidad, Altura, Peso, Fecha_nacimiento, Nº_carreras_corridas) values ('Jasper','Stuyven','Belgica',187,78,'1992-04-17',24);
Insert into Corredor (Nombre, Apellido, Nacionalidad, Altura, Peso, Fecha_nacimiento, Nº_carreras_corridas) values ('Giulio','Ciccone','Italia',176,58,'1994-12-20',15);
Insert into Corredor (Nombre, Apellido, Nacionalidad, Altura, Peso, Fecha_nacimiento, Nº_carreras_corridas) values ('Mads','Pedersen','Dinamarca',180,70,'1995-12-18',21);
Insert into Corredor (Nombre, Apellido, Nacionalidad, Altura, Peso, Fecha_nacimiento, Nº_carreras_corridas) values ('Sepp','Kuss','Estados Unidos',182,61,'1994-09-13',5);
Insert into Corredor (Nombre, Apellido, Nacionalidad, Altura, Peso, Fecha_nacimiento, Nº_carreras_corridas) values ('Jonas','Vingegaard','Dinamarca',175,60,'1996-12-10',6);
Insert into Corredor (Nombre, Apellido, Nacionalidad, Altura, Peso, Fecha_nacimiento, Nº_carreras_corridas) values ('Wout','Van Aert','Belgica',190,78,'1994-09-15',19);
Insert into Corredor (Nombre, Apellido, Nacionalidad, Altura, Peso, Fecha_nacimiento, Nº_carreras_corridas) values ('Christophe ','Laporte','Francia',175,76,'1992-12-11',19);
Insert into Corredor (Nombre, Apellido, Nacionalidad, Altura, Peso, Fecha_nacimiento, Nº_carreras_corridas) values ('Emanuel','Buchmann','Alemania',180,59,'1992-11-18',16);
Insert into Corredor (Nombre, Apellido, Nacionalidad, Altura, Peso, Fecha_nacimiento, Nº_carreras_corridas) values ('Lennard','Kamna','Alemania',181,65,'1996-09-09',16);
Insert into Corredor (Nombre, Apellido, Nacionalidad, Altura, Peso, Fecha_nacimiento, Nº_carreras_corridas) values ('Maximilian','Schachmann','Alemania',183,70,'1994-01-09',20);
Insert into Corredor (Nombre, Apellido, Nacionalidad, Altura, Peso, Fecha_nacimiento, Nº_carreras_corridas) values ('Jai','Hindley','Australia',175,60,'1996-05-05',18);
Insert into Corredor (Nombre, Apellido, Nacionalidad, Altura, Peso, Fecha_nacimiento, Nº_carreras_corridas) values ('Filippo','Zana','Italia',185,65,'1999-03-18',18);
Insert into Corredor (Nombre, Apellido, Nacionalidad, Altura, Peso, Fecha_nacimiento, Nº_carreras_corridas) values ('Simon','Yates','Inglaterra',172,58,'1992-08-07',18);
Insert into Corredor (Nombre, Apellido, Nacionalidad, Altura, Peso, Fecha_nacimiento, Nº_carreras_corridas) values ('Michael','Matthews','Australia',178,72,'1990-09-26',25);
Insert into Corredor (Nombre, Apellido, Nacionalidad, Altura, Peso, Fecha_nacimiento, Nº_carreras_corridas) values ('Chris','Harper','Australia',185,67,'1994-11-23',18);
Insert into Corredor (Nombre, Apellido, Nacionalidad, Altura, Peso, Fecha_nacimiento, Nº_carreras_corridas) values ('Alberto','Bettiol','Italia',180,69,'1993-10-29',19);
Insert into Corredor (Nombre, Apellido, Nacionalidad, Altura, Peso, Fecha_nacimiento, Nº_carreras_corridas) values ('Neilson','Powless','Estados Unidos',183,67,'1996-09-03',19);
Insert into Corredor (Nombre, Apellido, Nacionalidad, Altura, Peso, Fecha_nacimiento, Nº_carreras_corridas) values ('Rigoberto','Uran','Colombia',173,63,'1987-01-26',11);
Insert into Corredor (Nombre, Apellido, Nacionalidad, Altura, Peso, Fecha_nacimiento, Nº_carreras_corridas) values ('Stefan','Bissegger','Suiza',181,78,'1998-09-13',23);
Insert into Corredor (Nombre, Apellido, Nacionalidad, Altura, Peso, Fecha_nacimiento, Nº_carreras_corridas) values ('Kaden','Groves','Australia',176,76,'1998-12-23',16);
Insert into Corredor (Nombre, Apellido, Nacionalidad, Altura, Peso, Fecha_nacimiento, Nº_carreras_corridas) values ('Jasper','Philipsen','Belgica',176,75,'1998-03-02',25);
Insert into Corredor (Nombre, Apellido, Nacionalidad, Altura, Peso, Fecha_nacimiento, Nº_carreras_corridas) values ('Mathieu','Van der Poel','Paises Bajos',184,75,'1995-01-19',16);
Insert into Corredor (Nombre, Apellido, Nacionalidad, Altura, Peso, Fecha_nacimiento, Nº_carreras_corridas) values ('Gianni','Vermeersch','Belgica',173,68,'1992-11-19',30);
Insert into Corredor (Nombre, Apellido, Nacionalidad, Altura, Peso, Fecha_nacimiento, Nº_carreras_corridas) values ('Clement','Champoussin','Francia',180,61,'1998-05-29',29);
Insert into Corredor (Nombre, Apellido, Nacionalidad, Altura, Peso, Fecha_nacimiento, Nº_carreras_corridas) values ('Arnaud','Demare','Francia',181,76,'1991-08-26',20);
Insert into Corredor (Nombre, Apellido, Nacionalidad, Altura, Peso, Fecha_nacimiento, Nº_carreras_corridas) values ('Cristian','Rodriguez','España',178,56,'1995-03-03',20);
Insert into Corredor (Nombre, Apellido, Nacionalidad, Altura, Peso, Fecha_nacimiento, Nº_carreras_corridas) values ('Elie','Gesbert','Francia',181,63,'1995-07-01',28);
Insert into Corredor (Nombre, Apellido, Nacionalidad, Altura, Peso, Fecha_nacimiento, Nº_carreras_corridas) values ('Samuele','Battistella','Italia',180,67,'1998-11-14',18);
Insert into Corredor (Nombre, Apellido, Nacionalidad, Altura, Peso, Fecha_nacimiento, Nº_carreras_corridas) values ('Alexey','Lutsenko','Kazajistan',174,74,'1992-09-07',23);
Insert into Corredor (Nombre, Apellido, Nacionalidad, Altura, Peso, Fecha_nacimiento, Nº_carreras_corridas) values ('Harold','Tejada','Colombia',180,63,'1997-04-27',20);
Insert into Corredor (Nombre, Apellido, Nacionalidad, Altura, Peso, Fecha_nacimiento, Nº_carreras_corridas) values ('Simone','Velasco','Italia',170,59,'1995-12-02',34);
Insert into Corredor (Nombre, Apellido, Nacionalidad, Altura, Peso, Fecha_nacimiento, Nº_carreras_corridas) values ('Pello','Bilbao','España',174,60,'1990-02-25',15);
Insert into Corredor (Nombre, Apellido, Nacionalidad, Altura, Peso, Fecha_nacimiento, Nº_carreras_corridas) values ('Jack','Haig','Australia',190,67,'1993-09-06',10);
Insert into Corredor (Nombre, Apellido, Nacionalidad, Altura, Peso, Fecha_nacimiento, Nº_carreras_corridas) values ('Matej','Mohoric','Eslovenia',186,72,'1994-10-19',22);
Insert into Corredor (Nombre, Apellido, Nacionalidad, Altura, Peso, Fecha_nacimiento, Nº_carreras_corridas) values ('Wout','Poels','Paises Bajos',186,66,'1987-10-01',11);
Insert into Corredor (Nombre, Apellido, Nacionalidad, Altura, Peso, Fecha_nacimiento, Nº_carreras_corridas) values ('Bryan','Coquard','Francia',171,59,'1992-04-25',14);
Insert into Corredor (Nombre, Apellido, Nacionalidad, Altura, Peso, Fecha_nacimiento, Nº_carreras_corridas) values ('Simon','Geschke','Alemania',171,64,'1986-03-13',24);
Insert into Corredor (Nombre, Apellido, Nacionalidad, Altura, Peso, Fecha_nacimiento, Nº_carreras_corridas) values ('Ion','Izaguirre','España',173,60,'1989-02-04',23);
Insert into Corredor (Nombre, Apellido, Nacionalidad, Altura, Peso, Fecha_nacimiento, Nº_carreras_corridas) values ('Guillaume','Martin','Francia',173,55,'1993-06-09',34);
Insert into Corredor (Nombre, Apellido, Nacionalidad, Altura, Peso, Fecha_nacimiento, Nº_carreras_corridas) values ('Felix','Gall','Austria',178,66,'1998-02-27',15);
Insert into Corredor (Nombre, Apellido, Nacionalidad, Altura, Peso, Fecha_nacimiento, Nº_carreras_corridas) values ('Ben','OConnor','Australia',188,67,'1995-11-25',19);
Insert into Corredor (Nombre, Apellido, Nacionalidad, Altura, Peso, Fecha_nacimiento, Nº_carreras_corridas) values ('Benoit','Cosnefroy','Francia',179,65,'1995-10-17',29);
Insert into Corredor (Nombre, Apellido, Nacionalidad, Altura, Peso, Fecha_nacimiento, Nº_carreras_corridas) values ('Dorian','Godon','Francia',190,73,'1996-05-25',21);
Insert into Corredor (Nombre, Apellido, Nacionalidad, Altura, Peso, Fecha_nacimiento, Nº_carreras_corridas) values ('David','Gaudu','Francia',172,53,'1996-10-10',13);
Insert into Corredor (Nombre, Apellido, Nacionalidad, Altura, Peso, Fecha_nacimiento, Nº_carreras_corridas) values ('Stefan','Kung','Suiza',193,83,'1993-10-16',18);
Insert into Corredor (Nombre, Apellido, Nacionalidad, Altura, Peso, Fecha_nacimiento, Nº_carreras_corridas) values ('Quentin','Pacher','Francia',179,62,'1992-01-06',22);
Insert into Corredor (Nombre, Apellido, Nacionalidad, Altura, Peso, Fecha_nacimiento, Nº_carreras_corridas) values ('Lenny','Martinez','Francia',168,52,'2003-07-11',20);
Insert into Corredor (Nombre, Apellido, Nacionalidad, Altura, Peso, Fecha_nacimiento, Nº_carreras_corridas) values ('Biniam','Girmay','Eritrea',184,70,'2000-04-02',26);
Insert into Corredor (Nombre, Apellido, Nacionalidad, Altura, Peso, Fecha_nacimiento, Nº_carreras_corridas) values ('Lorenzo','Rota','Italia',173,62,'1995-05-23',35);
Insert into Corredor (Nombre, Apellido, Nacionalidad, Altura, Peso, Fecha_nacimiento, Nº_carreras_corridas) values ('Rein','Taaramae','Estonia',186,68,'1987-04-24',21);
Insert into Corredor (Nombre, Apellido, Nacionalidad, Altura, Peso, Fecha_nacimiento, Nº_carreras_corridas) values ('Louis','Meintjes','Sudafrica',173,58,'1992-02-21',19);
Insert into Corredor (Nombre, Apellido, Nacionalidad, Altura, Peso, Fecha_nacimiento, Nº_carreras_corridas) values ('Alex ','Aranburu','España',178,63,'1995-09-19',25);
Insert into Corredor (Nombre, Apellido, Nacionalidad, Altura, Peso, Fecha_nacimiento, Nº_carreras_corridas) values ('Ivan','Garcia Cortina','España',183,77,'1995-11-20',29);
Insert into Corredor (Nombre, Apellido, Nacionalidad, Altura, Peso, Fecha_nacimiento, Nº_carreras_corridas) values ('Fernando','Gaviria','Colombia',180,71,'1994-08-19',15);
Insert into Corredor (Nombre, Apellido, Nacionalidad, Altura, Peso, Fecha_nacimiento, Nº_carreras_corridas) values ('Gregor','Muhlberger','Austria',180,64,'1994-04-04',18);
Insert into Corredor (Nombre, Apellido, Nacionalidad, Altura, Peso, Fecha_nacimiento, Nº_carreras_corridas) values ('John','Degenkolb','Alemania',180,82,'1989-01-07',25);
Insert into Corredor (Nombre, Apellido, Nacionalidad, Altura, Peso, Fecha_nacimiento, Nº_carreras_corridas) values ('Chris','Hamilton','Australia',178,70,'1995-05-18',16);
Insert into Corredor (Nombre, Apellido, Nacionalidad, Altura, Peso, Fecha_nacimiento, Nº_carreras_corridas) values ('Lorenzo','Milesi','Italia',180,70,'2002-03-19',17);
Insert into Corredor (Nombre, Apellido, Nacionalidad, Altura, Peso, Fecha_nacimiento, Nº_carreras_corridas) values ('Kevin','Vermaerke','Estados Unidos',181,67,'2000-10-16',25);
Insert into Corredor (Nombre, Apellido, Nacionalidad, Altura, Peso, Fecha_nacimiento, Nº_carreras_corridas) values ('Simon','Clarke','Australia',175,63,'1986-07-18',23);
Insert into Corredor (Nombre, Apellido, Nacionalidad, Altura, Peso, Fecha_nacimiento, Nº_carreras_corridas) values ('Hugo','Houle','Canada',183,72,'1990-09-27',23);
Insert into Corredor (Nombre, Apellido, Nacionalidad, Altura, Peso, Fecha_nacimiento, Nº_carreras_corridas) values ('Matthew','Riccitello','Estados Unidos',172,55,'2002-03-05',7);
Insert into Corredor (Nombre, Apellido, Nacionalidad, Altura, Peso, Fecha_nacimiento, Nº_carreras_corridas) values ('Michael','Woods','Canada',175,64,'1986-10-12',17);
Insert into Corredor (Nombre, Apellido, Nacionalidad, Altura, Peso, Fecha_nacimiento, Nº_carreras_corridas) values ('Victor','Campenaerts','Belgica',173,68,'1991-10-28',22);
Insert into Corredor (Nombre, Apellido, Nacionalidad, Altura, Peso, Fecha_nacimiento, Nº_carreras_corridas) values ('Andreas','Kron','Dinamarca',177,63,'1998-06-01',12);
Insert into Corredor (Nombre, Apellido, Nacionalidad, Altura, Peso, Fecha_nacimiento, Nº_carreras_corridas) values ('Arnaud','De Lie','Belgica',182,78,'2002-03-16',33);
Insert into Corredor (Nombre, Apellido, Nacionalidad, Altura, Peso, Fecha_nacimiento, Nº_carreras_corridas) values ('Florian','Vermeersch','Belgica',193,85,'1999-03-12',37);

select * from corredor ;

-- Tabla Equipo
Insert into Equipo values ('Alpecin-Deceunick','ADC','Canyon',8593,'Belgica');
Insert into Equipo values ('Team Arkea Samsic','ARK','Bianchi',5645,'Francia');
Insert into Equipo values ('Astana Qazaqstan team','AST','Wilier Triestina',4289,'Kazajistan');
Insert into Equipo values ('Bahrain-Victorious','TBV','Merida',9307,'Bahrein');
Insert into Equipo values ('BORA-hansgrohe','BOH','Specialized',9196,'Alemania');
Insert into Equipo values ('AG2R Citroen Team','ACT','BMC',6469,'Francia');
Insert into Equipo values ('Cofidis','COF','LOOK',7069,'Francia');
Insert into Equipo values ('EF Education-EasyPost','EFE','Cannondale',7908,'Estados Unidos');
Insert into Equipo values ('Groupama-FDJ','GFC','Lapierre',8720,'Francia');
Insert into Equipo values ('INEOS Grenadiers','IGD','Pinarello',10727,'Inglaterra');
Insert into Equipo values ('Intermarche-Circus-Wanty','ICW','Cube',7521,'Belgica');
Insert into Equipo values ('Jumbo-Visma','TJV','Cerv',15182,'Paises Bajos');
Insert into Equipo values ('Lidl-Trek','LTK','Trek',8887,'Estados Unidos');
Insert into Equipo values ('Movistar Team','MOV','Canyon',7414,'España');
Insert into Equipo values ('Soudal- Quick Step','SOQ','Specialized',11607,'Belgica');
Insert into Equipo values ('Team dsm- firmenich','DSM','SCOTT',6123,'Paises Bajos');
Insert into Equipo values ('Team Jayco Alula','JAY','Giant',7195,'Australia');
Insert into Equipo values ('UAE Team Emirates','UAD','Colnago',17319,'Emiratos Arabes Unidos');
Insert into Equipo values ('Israel-Premier Tech','IPT','Factor',6380,'Israel');
Insert into Equipo values ('Lotto Dstny','LTD','Ridley',8859,'Belgica');

select * from Equipo;

-- Tabla Periodo
Insert into Periodo values (2016,2025);
Insert into Periodo values (2017,2025);
Insert into Periodo values (2017,2026);
Insert into Periodo values (2017,2027);
Insert into Periodo values (2017,2024);
Insert into Periodo values (2017,2023);
Insert into Periodo values (2017,2022);
Insert into Periodo values (2017,2021);
Insert into Periodo values (2017,2020);
Insert into Periodo values (2017,2019);
Insert into Periodo values (2017,2018);
Insert into Periodo values (2017,2017);
Insert into Periodo values (2017,2028);
Insert into Periodo values (2018,2018);
Insert into Periodo values (2018,2019);
Insert into Periodo values (2018,2020);
Insert into Periodo values (2018,2021);
Insert into Periodo values (2018,2022);
Insert into Periodo values (2018,2023);
Insert into Periodo values (2018,2024);
Insert into Periodo values (2018,2025);
Insert into Periodo values (2018,2026);
Insert into Periodo values (2018,2027);
Insert into Periodo values (2018,2028);
Insert into Periodo values (2019,2019);
Insert into Periodo values (2019,2020);
Insert into Periodo values (2019,2021);
Insert into Periodo values (2019,2022);
Insert into Periodo values (2019,2023);
Insert into Periodo values (2019,2024);
Insert into Periodo values (2019,2025);
Insert into Periodo values (2019,2026);
Insert into Periodo values (2019,2027);
Insert into Periodo values (2019,2028);
Insert into Periodo values (2019,2029);
Insert into Periodo values (2020,2020);
Insert into Periodo values (2020,2021);
Insert into Periodo values (2020,2022);
Insert into Periodo values (2020,2023);
Insert into Periodo values (2020,2024);
Insert into Periodo values (2020,2025);
Insert into Periodo values (2020,2026);
Insert into Periodo values (2020,2027);
Insert into Periodo values (2020,2028);
Insert into Periodo values (2020,2029);
Insert into Periodo values (2021,2021);
Insert into Periodo values (2021,2022);
Insert into Periodo values (2021,2023);
Insert into Periodo values (2021,2024);
Insert into Periodo values (2021,2025);
Insert into Periodo values (2021,2026);
Insert into Periodo values (2021,2027);
Insert into Periodo values (2021,2028);
Insert into Periodo values (2021,2029);
Insert into Periodo values (2022,2022);
Insert into Periodo values (2022,2023);
Insert into Periodo values (2022,2024);
Insert into Periodo values (2022,2025);
Insert into Periodo values (2022,2026);
Insert into Periodo values (2022,2027);
Insert into Periodo values (2022,2028);
Insert into Periodo values (2022,2029);
Insert into Periodo values (2023,2023);
Insert into Periodo values (2023,2024);
Insert into Periodo values (2023,2025);
Insert into Periodo values (2023,2026);
Insert into Periodo values (2023,2027);
Insert into Periodo values (2023,2028);

select * from periodo;

-- Tabla Eta_vinculado
Insert into Esta_vinculado values ('INEOS Grenadiers',1,2019,2027);
Insert into Esta_vinculado values ('INEOS Grenadiers',2,2019,2026);
Insert into Esta_vinculado values ('INEOS Grenadiers',3,2021,2027);
Insert into Esta_vinculado values ('INEOS Grenadiers',4,2020,2025);
Insert into Esta_vinculado values ('Soudal- Quick Step',5,2020,2024);
Insert into Esta_vinculado values ('Soudal- Quick Step',6,2018,2024);
Insert into Esta_vinculado values ('Soudal- Quick Step',7,2019,2026);
Insert into Esta_vinculado values ('Soudal- Quick Step',8,2022,2025);
Insert into Esta_vinculado values ('Soudal- Quick Step',9,2020,2021);
Insert into Esta_vinculado values ('UAE Team Emirates',9,2022,2026);
Insert into Esta_vinculado values ('UAE Team Emirates',10,2022,2028);
Insert into Esta_vinculado values ('INEOS Grenadiers',11,2021,2022);
Insert into Esta_vinculado values ('UAE Team Emirates',11,2023,2025);
Insert into Esta_vinculado values ('UAE Team Emirates',12,2019,2027);
Insert into Esta_vinculado values ('Lidl-Trek',13,2020,2025);
Insert into Esta_vinculado values ('Lidl-Trek',14,2016,2025);
Insert into Esta_vinculado values ('Lidl-Trek',15,2019,2027);
Insert into Esta_vinculado values ('Lidl-Trek',16,2017,2025);
Insert into Esta_vinculado values ('Jumbo-Visma',17,2018,2024);
Insert into Esta_vinculado values ('Jumbo-Visma',18,2019,2027);
Insert into Esta_vinculado values ('Jumbo-Visma',19,2020,2026);
Insert into Esta_vinculado values ('Cofidis',20,2014,2021);
Insert into Esta_vinculado values ('Jumbo-Visma',20,2022,2026);
Insert into Esta_vinculado values ('BORA-hansgrohe',21,2017,2024);
Insert into Esta_vinculado values ('BORA-hansgrohe',22,2020,2024);
Insert into Esta_vinculado values ('BORA-hansgrohe',23,2019,2024);
Insert into Esta_vinculado values ('Team dsm-firmenich',24,2021,2021);
Insert into Esta_vinculado values ('BORA-hansgrohe',24,2022,2024);
Insert into Esta_vinculado values ('Team Jayco Alula',25,2023,2025);
Insert into Esta_vinculado values ('Team Jayco Alula',26,2021,2024);
Insert into Esta_vinculado values ('Team Jayco Alula',27,2021,2025);
Insert into Esta_vinculado values ('Jumbo-Visma',28,2020,2022);
Insert into Esta_vinculado values ('Team Jayco Alula',28,2023,2024);
Insert into Esta_vinculado values ('EF Education-EasyPost',29,2019,2024);
Insert into Esta_vinculado values ('EF Education-EasyPost',30,2020,2027);
Insert into Esta_vinculado values ('EF Education-EasyPost',31,2020,2024);
Insert into Esta_vinculado values ('EF Education-EasyPost',32,2021,2024);
Insert into Esta_vinculado values ('Team Jayco Alula',33,2020,2022);
Insert into Esta_vinculado values ('Alpecin-Deceuninck',33,2023,2024);
Insert into Esta_vinculado values ('UAE Team Emirates',34,2019,2020);
Insert into Esta_vinculado values ('Alpecin-Deceuninck',34,2021,2024);
Insert into Esta_vinculado values ('Alpecin-Deceuninck',35,2020,2025);
Insert into Esta_vinculado values ('Alpecin-Deceuninck',36,2020,2025);
Insert into Esta_vinculado values ('AG2R Citroen Team',37,2019,2022);
Insert into Esta_vinculado values ('Team Arkea Samsic',37,2023,2025);
Insert into Esta_vinculado values ('Groupama-FDJ',38,2018,2022);
Insert into Esta_vinculado values ('Team Arkea Samsic',38,2023,2025);
Insert into Esta_vinculado values ('Team Arkea Samsic',39,2023,2024);
Insert into Esta_vinculado values ('Team Arkea Samsic',40,2019,2024);
Insert into Esta_vinculado values ('Astana Qazaqstan Team',41,2021,2024);
Insert into Esta_vinculado values ('Astana Qazaqstan Team',42,2021,2024);
Insert into Esta_vinculado values ('Astana Qazaqstan Team',43,2020,2024);
Insert into Esta_vinculado values ('Astana Qazaqstan Team',44,2022,2025);
Insert into Esta_vinculado values ('Team Jayco Alula',45,2018,2020);
Insert into Esta_vinculado values ('Bahrain-Victorious',45,2021,2025);
Insert into Esta_vinculado values ('Bahrain-Victorious',46,2020,2026);
Insert into Esta_vinculado values ('Bahrain-Victorious',47,2018,2025);
Insert into Esta_vinculado values ('INEOS Grenadiers',48,2015,2019);
Insert into Esta_vinculado values ('Bahrain-Victorious',48,2020,2024);
Insert into Esta_vinculado values ('Cofidis',49,2022,2025);
Insert into Esta_vinculado values ('Cofidis',50,2021,2024);
Insert into Esta_vinculado values ('Astana Qazaqstan Team',51,2019,2021);
Insert into Esta_vinculado values ('Cofidis',51,2022,2024);
Insert into Esta_vinculado values ('Cofidis',52,2020,2024);
Insert into Esta_vinculado values ('Team DSM',53,2021,2021);
Insert into Esta_vinculado values ('AG2R Citroen Team',53,2022,2025);
Insert into Esta_vinculado values ('AG2R Citroen Team',54,2021,2024);
Insert into Esta_vinculado values ('AG2R Citroen Team',55,2017,2025);
Insert into Esta_vinculado values ('AG2R Citroen Team',56,2019,2025);
Insert into Esta_vinculado values ('Groupama-FDJ',57,2018,2025);
Insert into Esta_vinculado values ('Groupama-FDJ',58,2019,2025);
Insert into Esta_vinculado values ('Groupama-FDJ',59,2022,2025);
Insert into Esta_vinculado values ('Groupama-FDJ',60,2023,2024);
Insert into Esta_vinculado values ('Intermarche-Circus-Wanty',62,2021,2024);
Insert into Esta_vinculado values ('Intermarche-Circus-Wanty',61,2021,2026);
Insert into Esta_vinculado values ('Intermarche-Circus-Wanty',63,2021,2024);
Insert into Esta_vinculado values ('Intermarche-Circus-Wanty',64,2021,2025);
Insert into Esta_vinculado values ('Astana Qazaqstan Team',65,2020,2021);
Insert into Esta_vinculado values ('Movistar Team',65,2022,2024);
Insert into Esta_vinculado values ('Bahrain-Victorious',66,2017,2020);
Insert into Esta_vinculado values ('Movistar Team',66,2021,2026);
Insert into Esta_vinculado values ('UAE Team Emirates',67,2019,2022);
Insert into Esta_vinculado values ('Movistar Team',67,2023,2024);
Insert into Esta_vinculado values ('BORA-hansgrohe',68,2017,2020);
Insert into Esta_vinculado values ('Movistar Team',68,2021,2025);
Insert into Esta_vinculado values ('Lotto-Dstny',69,2020,2022);
Insert into Esta_vinculado values ('Team dsm-firmenich',69,2022,2024);
Insert into Esta_vinculado values ('Team dsm-firmenich',70,2021,2025);
Insert into Esta_vinculado values ('Team dsm-firmenich',71,2023,2025);
Insert into Esta_vinculado values ('Team dsm-firmenich',72,2021,2025);
Insert into Esta_vinculado values ('Israel-Premier Tech',73,2022,2024);
Insert into Esta_vinculado values ('Israel-Premier Tech',74,2022,2024);
Insert into Esta_vinculado values ('Astana Qazaqstan Team',75,2018,2021);
Insert into Esta_vinculado values ('Israel-Premier Tech',75,2022,2025);
Insert into Esta_vinculado values ('Israel-Premier Tech',76,2021,2025);
Insert into Esta_vinculado values ('Lotto-Dstny',77,2022,2024);
Insert into Esta_vinculado values ('Lotto-Dstny',78,2021,2024);
Insert into Esta_vinculado values ('Lotto-Dstny',79,2022,2026);
Insert into Esta_vinculado values ('Lotto-Dstny',80,2020,2024);

select * from esta_vinculado;

-- Tabla carrera
Insert into Carrera values ('Paris-Niza','Francia','UCI.WR.C1.Stage');
Insert into Carrera values ('Strade Bianche','Italia','UCI.WR.C2');
Insert into Carrera values ('Tirreno-Adriatico','Italia','UCI.WR.C1.Stage');
Insert into Carrera values ('Milano-Sanremo','Italia','UCI.WR.Monument');
Insert into Carrera values ('Volta Ciclista a Catalunya','España','UCI.WR.C2.Stage');
Insert into Carrera values ('Ronde van Vlaanderen-Tour des Flanders','Belgica','UCI.WR.Monument');
Insert into Carrera values ('Itzulia Basque Country','España','UCI.WR.C2.Stage');
Insert into Carrera values ('Paris-Roubaix','Francia','UCI.WR.Monument');
Insert into Carrera values ('Liege-Bastogne-Liege','Belgica','UCI.WR.Monument');
Insert into Carrera values ('Tour de Romandie','Suiza','UCI.WR.C1.Stage');
Insert into Carrera values ('Giro dItalia','Italia','UCI.WR.GT.B.Stage');
Insert into Carrera values ('Criterium du Dauphine','Francia','UCI.WR.C1.Stage');
Insert into Carrera values ('Tour de Suisse','Suiza','UCI.WR.C1.Stage');
Insert into Carrera values ('Tour de France','Francia','UCI.WR.GT.A.Stage');
Insert into Carrera values ('Donostia San Sebastian Klasikoa','España','UCI.WR.C2');
Insert into Carrera values ('La Vuelta Ciclista a España','España','UCI.WR.GT.B.Stage');
Insert into Carrera values ('Il Lombardia','Italia','UCI.WR.Monument');

select * from carrera;

-- Tabla carrera_de_un_dia
Insert into Carrera_de_un_dia values ('Strade Bianche',184);
Insert into Carrera_de_un_dia values ('Milano-Sanremo',294);
Insert into Carrera_de_un_dia values ('Ronde van Vlaanderen-Tour des Flanders',273);
Insert into Carrera_de_un_dia values ('Paris-Roubaix',257);
Insert into Carrera_de_un_dia values ('Liege-Bastogne-Liege',258);
Insert into Carrera_de_un_dia values ('Donostia San Sebastian Klasikoa',230);
Insert into Carrera_de_un_dia values ('Il Lombardia',238);

select * from carrera_de_un_dia;

-- Tabla carrera_por_etapas
Insert into Carrera_por_etapas (Distancia_total,nº_etapas,Carrera_Nombre) values (1081,8,'Paris-Niza');
Insert into Carrera_por_etapas (Distancia_total,nº_etapas,Carrera_Nombre) values (1169,7,'Tirreno-Adriatico');
Insert into Carrera_por_etapas (Distancia_total,nº_etapas,Carrera_Nombre) values (1186,7,'Volta Ciclista a Catalunya');
Insert into Carrera_por_etapas (Distancia_total,nº_etapas,Carrera_Nombre) values (1001,6,'Itzulia Basque Country');
Insert into Carrera_por_etapas (Distancia_total,nº_etapas,Carrera_Nombre) values (693,5,'Tour de Romandie');
Insert into Carrera_por_etapas (Distancia_total,nº_etapas,Carrera_Nombre) values (3356,21,'Giro dItalia');
Insert into Carrera_por_etapas (Distancia_total,nº_etapas,Carrera_Nombre) values (1212,8,'Criterium du Dauphine');
Insert into Carrera_por_etapas (Distancia_total,nº_etapas,Carrera_Nombre) values (1046,8,'Tour de Suisse');
Insert into Carrera_por_etapas (Distancia_total,nº_etapas,Carrera_Nombre) values (3407,21,'Tour de France');
Insert into Carrera_por_etapas (Distancia_total,nº_etapas,Carrera_Nombre) values (3157,21,'La Vuelta Ciclista a España');

select * from carrera_por_etapas;

-- Tabla etapa
Insert into Etapa (Distancia,Altimetria,nº_etapa,Carrera_nombre) values (165,2470,4,'Paris-Niza');
Insert into Etapa (Distancia,Altimetria,nº_etapa,Carrera_nombre) values (117,2465,8,'Paris-Niza');
Insert into Etapa (Distancia,Altimetria,nº_etapa,Carrera_nombre) values (12,3,1,'Tirreno-Adriatico');
Insert into Etapa (Distancia,Altimetria,nº_etapa,Carrera_nombre) values (154,1660,7,'Tirreno-Adriatico');
Insert into Etapa (Distancia,Altimetria,nº_etapa,Carrera_nombre) values (165,3291,2,'Volta Ciclista a Catalunya');
Insert into Etapa (Distancia,Altimetria,nº_etapa,Carrera_nombre) values (181,3998,3,'Volta Ciclista a Catalunya');
Insert into Etapa (Distancia,Altimetria,nº_etapa,Carrera_nombre) values (163,2799,3,'Itzulia Basque Country');
Insert into Etapa (Distancia,Altimetria,nº_etapa,Carrera_nombre) values (138,3472,6,'Itzulia Basque Country');
Insert into Etapa (Distancia,Altimetria,nº_etapa,Carrera_nombre) values (19,377,3,'Tour de Romandie');
Insert into Etapa (Distancia,Altimetria,nº_etapa,Carrera_nombre) values (162,4308,4,'Tour de Romandie');
Insert into Etapa (Distancia,Altimetria,nº_etapa,Carrera_nombre) values (20,171,1,'Giro dItalia');
Insert into Etapa (Distancia,Altimetria,nº_etapa,Carrera_nombre) values (162,2581,6,'Giro dItalia');
Insert into Etapa (Distancia,Altimetria,nº_etapa,Carrera_nombre) values (203,5852,16,'Giro dItalia');
Insert into Etapa (Distancia,Altimetria,nº_etapa,Carrera_nombre) values (158,2753,1,'Criterium du Dauphine');
Insert into Etapa (Distancia,Altimetria,nº_etapa,Carrera_nombre) values (167,2865,2,'Criterium du Dauphine');
Insert into Etapa (Distancia,Altimetria,nº_etapa,Carrera_nombre) values (153,2795,4,'Tour de Suisse');
Insert into Etapa (Distancia,Altimetria,nº_etapa,Carrera_nombre) values (211,4654,5,'Tour de Suisse');
Insert into Etapa (Distancia,Altimetria,nº_etapa,Carrera_nombre) values (182,1427,4,'Tour de France');
Insert into Etapa (Distancia,Altimetria,nº_etapa,Carrera_nombre) values (145,3894,6,'Tour de France');
Insert into Etapa (Distancia,Altimetria,nº_etapa,Carrera_nombre) values (173,1934,19,'Tour de France');
Insert into Etapa (Distancia,Altimetria,nº_etapa,Carrera_nombre) values (182,2754,2,'La Vuelta Ciclista a España');
Insert into Etapa (Distancia,Altimetria,nº_etapa,Carrera_nombre) values (185,3041,9,'La Vuelta Ciclista a España');
Insert into Etapa (Distancia,Altimetria,nº_etapa,Carrera_nombre) values (135,4266,13,'La Vuelta Ciclista a España');

select * from etapa;

-- Tabla pasa_por
Insert into Pasa_por values ('Volta Ciclista a Catalunya','Barcelona');
Insert into Pasa_por values ('Liege-Bastogne-Liege','Lieja');
Insert into Pasa_por values ('Liege-Bastogne-Liege','Bastoña');
Insert into Pasa_por values ('Il Lombardia','Vergamo');
Insert into Pasa_por values ('Il Lombardia','Como');
Insert into Pasa_por values ('Volta Ciclista a Catalunya','Mataro');
Insert into Pasa_por values ('Tour de Romandie','Sion');
Insert into Pasa_por values ('Tour de Romandie','Crissier');
Insert into Pasa_por values ('Paris-Roubaix','Roubaix');
Insert into Pasa_por values ('La Vuelta Ciclista a España','Madrid');
Insert into Pasa_por values ('La Vuelta Ciclista a España','Valladolid');
Insert into Pasa_por values ('La Vuelta Ciclista a España','Pamplona');
Insert into Pasa_por values ('La Vuelta Ciclista a España','Guadarrama');
Insert into Pasa_por values ('Tour de Suisse','Chur');
Insert into Pasa_por values ('Tour de Suisse','Tafers');
Insert into Pasa_por values ('Strade Bianche','Siena');
Insert into Pasa_por values ('Milano-Sanremo','Sanremo');
Insert into Pasa_por values ('Ronde van Vlaanderen-Tour des Flanders','Brugge');
Insert into Pasa_por values ('Ronde van Vlaanderen-Tour des Flanders','Oudenaarde');
Insert into Pasa_por values ('Donostia San Sebastian Klasikoa','Donostia-San Sebastian');
Insert into Pasa_por values ('Criterium du Dauphine','Chambon-sur-Lac');
Insert into Pasa_por values ('Criterium du Dauphine','Cours');
Insert into Pasa_por values ('Tour de France','Mont-de-Marsan');
Insert into Pasa_por values ('Tour de France','Clermont-Ferrand');
Insert into Pasa_por values ('Tour de France','Paris');
Insert into Pasa_por values ('Giro dItalia','Salerno');
Insert into Pasa_por values ('Giro dItalia','Tortona');
Insert into Pasa_por values ('Giro dItalia','Roma');
Insert into Pasa_por values ('Itzulia Basque Country','Vitoria-Gasteiz');
Insert into Pasa_por values ('Itzulia Basque Country','Amorebieta');
Insert into Pasa_por values ('Paris-Niza','Nice');
Insert into Pasa_por values ('Paris-Niza','Fontainebleau');
Insert into Pasa_por values ('Tirreno-Adriatico','Tortoreto');
Insert into Pasa_por values ('Tirreno-Adriatico','San Benedetto del Tronto');

select * from pasa_por;

-- Tabla presentacion
Insert into Presentacion (Dorsal,Equipo_nombre,Carrera_nombre,Corredor_Id,PosicionGen,Ptos_UCI_posicionGen) values (36,'INEOS Grenadiers','La Vuelta Ciclista a España',1,104,0);
Insert into Presentacion (Dorsal,Equipo_nombre,Carrera_nombre,Corredor_Id,PosicionGen,Ptos_UCI_posicionGen) values (41,'INEOS Grenadiers','Paris-Roubaix',1,6,280);
Insert into Presentacion (Dorsal,Equipo_nombre,Carrera_nombre,Corredor_Id,PosicionGen,Ptos_UCI_posicionGen) values (32,'INEOS Grenadiers','Criterium du Dauphine',2,12,60);
Insert into Presentacion (Dorsal,Equipo_nombre,Carrera_nombre,Corredor_Id,PosicionGen,Ptos_UCI_posicionGen) values (101,'INEOS Grenadiers','Tour de Romandie',2,8,125);
Insert into Presentacion (Dorsal,Equipo_nombre,Carrera_nombre,Corredor_Id,PosicionGen,Ptos_UCI_posicionGen) values (101,'INEOS Grenadiers','Strade Bianche',3,1,400);
Insert into Presentacion (Dorsal,Equipo_nombre,Carrera_nombre,Corredor_Id,PosicionGen,Ptos_UCI_posicionGen) values (26,'INEOS Grenadiers','Tour de France',3,13,140);
Insert into Presentacion (Dorsal,Equipo_nombre,Carrera_nombre,Corredor_Id,PosicionGen,Ptos_UCI_posicionGen) values (118,'INEOS Grenadiers','Giro dItalia',4,2,885);
Insert into Presentacion (Dorsal,Equipo_nombre,Carrera_nombre,Corredor_Id,PosicionGen,Ptos_UCI_posicionGen) values (31,'INEOS Grenadiers','La Vuelta Ciclista a España',4,31,25);
Insert into Presentacion (Dorsal,Equipo_nombre,Carrera_nombre,Corredor_Id,PosicionGen,Ptos_UCI_posicionGen) values (161,'Soudal-Quick Step','Tirreno-Adriatico',5,30,20);
Insert into Presentacion (Dorsal,Equipo_nombre,Carrera_nombre,Corredor_Id,PosicionGen,Ptos_UCI_posicionGen) values (51,'Soudal-Quick Step','Criterium du Dauphine',5,10,85);
Insert into Presentacion (Dorsal,Equipo_nombre,Carrera_nombre,Corredor_Id,PosicionGen,Ptos_UCI_posicionGen) values (172,'Soudal-Quick Step','Milano-Sanremo',6,36,15);
Insert into Presentacion (Dorsal,Equipo_nombre,Carrera_nombre,Corredor_Id,PosicionGen,Ptos_UCI_posicionGen) values (72,'Soudal-Quick Step','Ronde van Vlaanderen-Tour des Flanders',6,7,240);
Insert into Presentacion (Dorsal,Equipo_nombre,Carrera_nombre,Corredor_Id,PosicionGen,Ptos_UCI_posicionGen) values (1,'Soudal-Quick Step','Liege-Bastogne-Liege',7,1,800);
Insert into Presentacion (Dorsal,Equipo_nombre,Carrera_nombre,Corredor_Id,PosicionGen,Ptos_UCI_posicionGen) values (51,'Soudal-Quick Step','Volta Ciclista a Catalunya',7,2,320);
Insert into Presentacion (Dorsal,Equipo_nombre,Carrera_nombre,Corredor_Id,PosicionGen,Ptos_UCI_posicionGen) values (7,'Soudal-Quick Step','Giro dItalia',8,12,130);
Insert into Presentacion (Dorsal,Equipo_nombre,Carrera_nombre,Corredor_Id,PosicionGen,Ptos_UCI_posicionGen) values (6,'Soudal-Quick Step','Liege-Bastogne-Liege',8,22,30);
Insert into Presentacion (Dorsal,Equipo_nombre,Carrera_nombre,Corredor_Id,PosicionGen,Ptos_UCI_posicionGen) values (211,'UAE Team Emirates','Giro dItalia',9,3,750);
Insert into Presentacion (Dorsal,Equipo_nombre,Carrera_nombre,Corredor_Id,PosicionGen,Ptos_UCI_posicionGen) values (21,'UAE Team Emirates','Volta Ciclista a Catalunya',9,3,260);
Insert into Presentacion (Dorsal,Equipo_nombre,Carrera_nombre,Corredor_Id,PosicionGen,Ptos_UCI_posicionGen) values (171,'UAE Team Emirates','Tour de Suisse',10,2,400);
Insert into Presentacion (Dorsal,Equipo_nombre,Carrera_nombre,Corredor_Id,PosicionGen,Ptos_UCI_posicionGen) values (11,'UAE Team Emirates','La Vuelta Ciclista a España',10,4,600);
Insert into Presentacion (Dorsal,Equipo_nombre,Carrera_nombre,Corredor_Id,PosicionGen,Ptos_UCI_posicionGen) values (19,'UAE Team Emirates','Tour de France',11,3,880);
Insert into Presentacion (Dorsal,Equipo_nombre,Carrera_nombre,Corredor_Id,PosicionGen,Ptos_UCI_posicionGen) values (111,'UAE Team Emirates','Criterium du Dauphine',11,2,400);
Insert into Presentacion (Dorsal,Equipo_nombre,Carrera_nombre,Corredor_Id,PosicionGen,Ptos_UCI_posicionGen) values (1,'UAE Team Emirates','Il Lombardia',12,1,800);
Insert into Presentacion (Dorsal,Equipo_nombre,Carrera_nombre,Corredor_Id,PosicionGen,Ptos_UCI_posicionGen) values (11,'UAE Team Emirates','Tour de France',12,2,1040);
Insert into Presentacion (Dorsal,Equipo_nombre,Carrera_nombre,Corredor_Id,PosicionGen,Ptos_UCI_posicionGen) values (105,'Lidl-Trek','Criterium du Dauphine',13,38,10);
Insert into Presentacion (Dorsal,Equipo_nombre,Carrera_nombre,Corredor_Id,PosicionGen,Ptos_UCI_posicionGen) values (51,'Lidl-Trek','La Vuelta Ciclista a España',13,17,70);
Insert into Presentacion (Dorsal,Equipo_nombre,Carrera_nombre,Corredor_Id,PosicionGen,Ptos_UCI_posicionGen) values (55,'Lidl-Trek','Paris-Roubaix',14,20,50);
Insert into Presentacion (Dorsal,Equipo_nombre,Carrera_nombre,Corredor_Id,PosicionGen,Ptos_UCI_posicionGen) values (226,'Lidl-Trek','Milano-Sanremo',14,10,135);
Insert into Presentacion (Dorsal,Equipo_nombre,Carrera_nombre,Corredor_Id,PosicionGen,Ptos_UCI_posicionGen) values (55,'Lidl-Trek','Ronde van Vlaanderen-Tour des Flanders',15,3,520);
Insert into Presentacion (Dorsal,Equipo_nombre,Carrera_nombre,Corredor_Id,PosicionGen,Ptos_UCI_posicionGen) values (51,'Lidl-Trek','Paris-Roubaix',15,4,440);
Insert into Presentacion (Dorsal,Equipo_nombre,Carrera_nombre,Corredor_Id,PosicionGen,Ptos_UCI_posicionGen) values (111,'Lidl-Trek','Volta Ciclista a Catalunya',16,7,120);
Insert into Presentacion (Dorsal,Equipo_nombre,Carrera_nombre,Corredor_Id,PosicionGen,Ptos_UCI_posicionGen) values (221,'Lidl-Trek','Tirreno-Adriatico',16,5,225);
Insert into Presentacion (Dorsal,Equipo_nombre,Carrera_nombre,Corredor_Id,PosicionGen,Ptos_UCI_posicionGen) values (24,'Jumbo-Visma','La Vuelta Ciclista a España',17,1,1100);
Insert into Presentacion (Dorsal,Equipo_nombre,Carrera_nombre,Corredor_Id,PosicionGen,Ptos_UCI_posicionGen) values (4,'Jumbo-Visma','Tour de France',17,12,165);
Insert into Presentacion (Dorsal,Equipo_nombre,Carrera_nombre,Corredor_Id,PosicionGen,Ptos_UCI_posicionGen) values (1,'Jumbo-Visma','Tour de France',18,1,1300);
Insert into Presentacion (Dorsal,Equipo_nombre,Carrera_nombre,Corredor_Id,PosicionGen,Ptos_UCI_posicionGen) values (1,'Jumbo-Visma','Criterium du Dauphine',18,1,500);
Insert into Presentacion (Dorsal,Equipo_nombre,Carrera_nombre,Corredor_Id,PosicionGen,Ptos_UCI_posicionGen) values (7,'Jumbo-Visma','Paris-Roubaix',19,3,520);
Insert into Presentacion (Dorsal,Equipo_nombre,Carrera_nombre,Corredor_Id,PosicionGen,Ptos_UCI_posicionGen) values (11,'Jumbo-Visma','Ronde van Vlaanderen-Tour des Flanders',19,4,440);
Insert into Presentacion (Dorsal,Equipo_nombre,Carrera_nombre,Corredor_Id,PosicionGen,Ptos_UCI_posicionGen) values (3,'Jumbo-Visma','Paris-Roubaix',20,10,135);
Insert into Presentacion (Dorsal,Equipo_nombre,Carrera_nombre,Corredor_Id,PosicionGen,Ptos_UCI_posicionGen) values (4,'Jumbo-Visma','Criterium du Dauphine',20,89,0);
Insert into Presentacion (Dorsal,Equipo_nombre,Carrera_nombre,Corredor_Id,PosicionGen,Ptos_UCI_posicionGen) values (73,'BORA-hansgtohe','La Vuelta Ciclista a España',21,20,50);
Insert into Presentacion (Dorsal,Equipo_nombre,Carrera_nombre,Corredor_Id,PosicionGen,Ptos_UCI_posicionGen) values (43,'BORA-hansgtohe','Criterium du Dauphine',21,19,30);
Insert into Presentacion (Dorsal,Equipo_nombre,Carrera_nombre,Corredor_Id,PosicionGen,Ptos_UCI_posicionGen) values (75,'BORA-hansgtohe','La Vuelta Ciclista a España',22,30,30);
Insert into Presentacion (Dorsal,Equipo_nombre,Carrera_nombre,Corredor_Id,PosicionGen,Ptos_UCI_posicionGen) values (56,'BORA-hansgtohe','Giro dItalia',22,9,235);
Insert into Presentacion (Dorsal,Equipo_nombre,Carrera_nombre,Corredor_Id,PosicionGen,Ptos_UCI_posicionGen) values (51,'BORA-hansgtohe','Tour de Suisse',23,14,40);
Insert into Presentacion (Dorsal,Equipo_nombre,Carrera_nombre,Corredor_Id,PosicionGen,Ptos_UCI_posicionGen) values (56,'BORA-hansgtohe','Donostia San Sebastian Klasikoa',23,74,0);
Insert into Presentacion (Dorsal,Equipo_nombre,Carrera_nombre,Corredor_Id,PosicionGen,Ptos_UCI_posicionGen) values (71,'BORA-hansgtohe','Tour de France',24,7,425);
Insert into Presentacion (Dorsal,Equipo_nombre,Carrera_nombre,Corredor_Id,PosicionGen,Ptos_UCI_posicionGen) values (41,'BORA-hansgtohe','Criterium du Dauphine',24,4,275);
Insert into Presentacion (Dorsal,Equipo_nombre,Carrera_nombre,Corredor_Id,PosicionGen,Ptos_UCI_posicionGen) values (227,'Team Jayco Alula','Il Lombardia',25,79,0);
Insert into Presentacion (Dorsal,Equipo_nombre,Carrera_nombre,Corredor_Id,PosicionGen,Ptos_UCI_posicionGen) values (198,'Team Jayco Alula','Giro dItalia',25,18,60);
Insert into Presentacion (Dorsal,Equipo_nombre,Carrera_nombre,Corredor_Id,PosicionGen,Ptos_UCI_posicionGen) values (221,'Team Jayco Alula','Il Lombardia',26,5,360);
Insert into Presentacion (Dorsal,Equipo_nombre,Carrera_nombre,Corredor_Id,PosicionGen,Ptos_UCI_posicionGen) values (161,'Team Jayco Alula','Tour de France',26,4,750);
Insert into Presentacion (Dorsal,Equipo_nombre,Carrera_nombre,Corredor_Id,PosicionGen,Ptos_UCI_posicionGen) values (191,'Team Jayco Alula','Giro dItalia',27,63,0);
Insert into Presentacion (Dorsal,Equipo_nombre,Carrera_nombre,Corredor_Id,PosicionGen,Ptos_UCI_posicionGen) values (81,'Team Jayco Alula','Ronde van Vlaanderen-Tour des Flanders',27,200,0);
Insert into Presentacion (Dorsal,Equipo_nombre,Carrera_nombre,Corredor_Id,PosicionGen,Ptos_UCI_posicionGen) values (14,'Team Jayco Alula','Paris-Niza',28,20,30);
Insert into Presentacion (Dorsal,Equipo_nombre,Carrera_nombre,Corredor_Id,PosicionGen,Ptos_UCI_posicionGen) values (114,'Team Jayco Alula','Tour de Romandie',28,36,10);
Insert into Presentacion (Dorsal,Equipo_nombre,Carrera_nombre,Corredor_Id,PosicionGen,Ptos_UCI_posicionGen) values (61,'EF Education-EasyPost','Milano-Sanremo',29,54,10);
Insert into Presentacion (Dorsal,Equipo_nombre,Carrera_nombre,Corredor_Id,PosicionGen,Ptos_UCI_posicionGen) values (76,'EF Education-EasyPost','Giro dItalia',29,48,20);
Insert into Presentacion (Dorsal,Equipo_nombre,Carrera_nombre,Corredor_Id,PosicionGen,Ptos_UCI_posicionGen) values (81,'EF Education-EasyPost','Donostia San Sebastian Klasikoa',30,4,220);
Insert into Presentacion (Dorsal,Equipo_nombre,Carrera_nombre,Corredor_Id,PosicionGen,Ptos_UCI_posicionGen) values (96,'EF Education-EasyPost','Ronde van Vlaanderen-Tour des Flanders',30,5,360);
Insert into Presentacion (Dorsal,Equipo_nombre,Carrera_nombre,Corredor_Id,PosicionGen,Ptos_UCI_posicionGen) values (48,'EF Education-EasyPost','Tour de France',31,71,0);
Insert into Presentacion (Dorsal,Equipo_nombre,Carrera_nombre,Corredor_Id,PosicionGen,Ptos_UCI_posicionGen) values (77,'EF Education-EasyPost','Il Lombardia',31,35,15);
Insert into Presentacion (Dorsal,Equipo_nombre,Carrera_nombre,Corredor_Id,PosicionGen,Ptos_UCI_posicionGen) values (72,'EF Education-EasyPost','Tour de Suisse',32,49,10);
Insert into Presentacion (Dorsal,Equipo_nombre,Carrera_nombre,Corredor_Id,PosicionGen,Ptos_UCI_posicionGen) values (102,'EF Education-EasyPost','La Vuelta Ciclista a España',32,117,0);
Insert into Presentacion (Dorsal,Equipo_nombre,Carrera_nombre,Corredor_Id,PosicionGen,Ptos_UCI_posicionGen) values (81,'Alpecin-Deceunick','La Vuelta Ciclista a España',33,122,0);
Insert into Presentacion (Dorsal,Equipo_nombre,Carrera_nombre,Corredor_Id,PosicionGen,Ptos_UCI_posicionGen) values (24,'Alpecin-Deceunick','Paris-Roubaix',33,31,15);
Insert into Presentacion (Dorsal,Equipo_nombre,Carrera_nombre,Corredor_Id,PosicionGen,Ptos_UCI_posicionGen) values (106,'Alpecin-Deceunick','Tour de France',34,97,0);
Insert into Presentacion (Dorsal,Equipo_nombre,Carrera_nombre,Corredor_Id,PosicionGen,Ptos_UCI_posicionGen) values (25,'Alpecin-Deceunick','Paris-Roubaix',34,2,640);
Insert into Presentacion (Dorsal,Equipo_nombre,Carrera_nombre,Corredor_Id,PosicionGen,Ptos_UCI_posicionGen) values (21,'Alpecin-Deceunick','Milano-Sanremo',35,1,800);
Insert into Presentacion (Dorsal,Equipo_nombre,Carrera_nombre,Corredor_Id,PosicionGen,Ptos_UCI_posicionGen) values (21,'Alpecin-Deceunick','Paris-Roubaix',35,1,800);
Insert into Presentacion (Dorsal,Equipo_nombre,Carrera_nombre,Corredor_Id,PosicionGen,Ptos_UCI_posicionGen) values (7,'Alpecin-Deceunick','Tirreno-Adriatico',36,65,0);
Insert into Presentacion (Dorsal,Equipo_nombre,Carrera_nombre,Corredor_Id,PosicionGen,Ptos_UCI_posicionGen) values (27,'Alpecin-Deceunick','Paris-Roubaix',36,11,110);
Insert into Presentacion (Dorsal,Equipo_nombre,Carrera_nombre,Corredor_Id,PosicionGen,Ptos_UCI_posicionGen) values (203,'Team Arkea Samsic','Il Lombardia',37,26,30);
Insert into Presentacion (Dorsal,Equipo_nombre,Carrera_nombre,Corredor_Id,PosicionGen,Ptos_UCI_posicionGen) values (33,'Team Arkea Samsic','Donostia San Sebastian Klasikoa',37,14,32);
Insert into Presentacion (Dorsal,Equipo_nombre,Carrera_nombre,Corredor_Id,PosicionGen,Ptos_UCI_posicionGen) values (91,'Team Arkea Samsic','Milano-Sanremo',38,51,10);
Insert into Presentacion (Dorsal,Equipo_nombre,Carrera_nombre,Corredor_Id,PosicionGen,Ptos_UCI_posicionGen) values (82,'Team Arkea Samsic','Tour de Suisse',38,200,0);
Insert into Presentacion (Dorsal,Equipo_nombre,Carrera_nombre,Corredor_Id,PosicionGen,Ptos_UCI_posicionGen) values (178,'Team Arkea Samsic','La Vuelta Ciclista a España',39,13,110);
Insert into Presentacion (Dorsal,Equipo_nombre,Carrera_nombre,Corredor_Id,PosicionGen,Ptos_UCI_posicionGen) values (31,'Team Arkea Samsic','Itzulia Basque Country',39,14,32);
Insert into Presentacion (Dorsal,Equipo_nombre,Carrera_nombre,Corredor_Id,PosicionGen,Ptos_UCI_posicionGen) values (172,'Team Arkea Samsic','La Vuelta Ciclista a España',40,73,0);
Insert into Presentacion (Dorsal,Equipo_nombre,Carrera_nombre,Corredor_Id,PosicionGen,Ptos_UCI_posicionGen) values (123,'Team Arkea Samsic','Volta Ciclista a Catalunya',40,22,16);
Insert into Presentacion (Dorsal,Equipo_nombre,Carrera_nombre,Corredor_Id,PosicionGen,Ptos_UCI_posicionGen) values (33,'Astana Qazaqstan team','Tour de Suisse',41,74,0);
Insert into Presentacion (Dorsal,Equipo_nombre,Carrera_nombre,Corredor_Id,PosicionGen,Ptos_UCI_posicionGen) values (191,'Astana Qazaqstan team','La Vuelta Ciclista a España',41,121,0);
Insert into Presentacion (Dorsal,Equipo_nombre,Carrera_nombre,Corredor_Id,PosicionGen,Ptos_UCI_posicionGen) values (195,'Astana Qazaqstan team','Tour de France',42,40,35);
Insert into Presentacion (Dorsal,Equipo_nombre,Carrera_nombre,Corredor_Id,PosicionGen,Ptos_UCI_posicionGen) values (21,'Astana Qazaqstan team','Strade Bianche',42,11,56);
Insert into Presentacion (Dorsal,Equipo_nombre,Carrera_nombre,Corredor_Id,PosicionGen,Ptos_UCI_posicionGen) values (198,'Astana Qazaqstan team','Tour de France',43,34,35);
Insert into Presentacion (Dorsal,Equipo_nombre,Carrera_nombre,Corredor_Id,PosicionGen,Ptos_UCI_posicionGen) values (36,'Astana Qazaqstan team','Tour de Suisse',43,10,85);
Insert into Presentacion (Dorsal,Equipo_nombre,Carrera_nombre,Corredor_Id,PosicionGen,Ptos_UCI_posicionGen) values (31,'Astana Qazaqstan team','Il Lombardia',44,104,0);
Insert into Presentacion (Dorsal,Equipo_nombre,Carrera_nombre,Corredor_Id,PosicionGen,Ptos_UCI_posicionGen) values (172,'Astana Qazaqstan team','Volta Ciclista a Catalunya',44,67,0);
Insert into Presentacion (Dorsal,Equipo_nombre,Carrera_nombre,Corredor_Id,PosicionGen,Ptos_UCI_posicionGen) values (65,'Bahrain-Victorious','Tour de France',45,6,520);
Insert into Presentacion (Dorsal,Equipo_nombre,Carrera_nombre,Corredor_Id,PosicionGen,Ptos_UCI_posicionGen) values (141,'Bahrain-Victorious','Donostia San Sebastian Klasikoa',45,2,320);
Insert into Presentacion (Dorsal,Equipo_nombre,Carrera_nombre,Corredor_Id,PosicionGen,Ptos_UCI_posicionGen) values (66,'Bahrain-Victorious','Tour de France',46,28,40);
Insert into Presentacion (Dorsal,Equipo_nombre,Carrera_nombre,Corredor_Id,PosicionGen,Ptos_UCI_posicionGen) values (24,'Bahrain-Victorious','Criterium du Dauphine',46,5,225);
Insert into Presentacion (Dorsal,Equipo_nombre,Carrera_nombre,Corredor_Id,PosicionGen,Ptos_UCI_posicionGen) values (162,'Bahrain-Victorious','Strade Bianche',47,6,140);
Insert into Presentacion (Dorsal,Equipo_nombre,Carrera_nombre,Corredor_Id,PosicionGen,Ptos_UCI_posicionGen) values (1,'Bahrain-Victorious','Milano-Sanremo',47,8,200);
Insert into Presentacion (Dorsal,Equipo_nombre,Carrera_nombre,Corredor_Id,PosicionGen,Ptos_UCI_posicionGen) values (46,'Bahrain-Victorious','La Vuelta Ciclista a España',48,15,80);
Insert into Presentacion (Dorsal,Equipo_nombre,Carrera_nombre,Corredor_Id,PosicionGen,Ptos_UCI_posicionGen) values (69,'Bahrain-Victorious','Tour de France',48,27,40);
Insert into Presentacion (Dorsal,Equipo_nombre,Carrera_nombre,Corredor_Id,PosicionGen,Ptos_UCI_posicionGen) values (122,'Cofidis','Tour de France',49,98,0);
Insert into Presentacion (Dorsal,Equipo_nombre,Carrera_nombre,Corredor_Id,PosicionGen,Ptos_UCI_posicionGen) values (93,'Cofidis','Volta Ciclista a Catalunya',49,98,0);
Insert into Presentacion (Dorsal,Equipo_nombre,Carrera_nombre,Corredor_Id,PosicionGen,Ptos_UCI_posicionGen) values (65,'Cofidis','Il Lombardia',50,90,0);
Insert into Presentacion (Dorsal,Equipo_nombre,Carrera_nombre,Corredor_Id,PosicionGen,Ptos_UCI_posicionGen) values (64,'Cofidis','Tour de Suisse',50,53,5);
Insert into Presentacion (Dorsal,Equipo_nombre,Carrera_nombre,Corredor_Id,PosicionGen,Ptos_UCI_posicionGen) values (124,'Cofidis','Tour de France',51,45,25);
Insert into Presentacion (Dorsal,Equipo_nombre,Carrera_nombre,Corredor_Id,PosicionGen,Ptos_UCI_posicionGen) values (61,'Cofidis','Tour de Suisse',51,12,60);
Insert into Presentacion (Dorsal,Equipo_nombre,Carrera_nombre,Corredor_Id,PosicionGen,Ptos_UCI_posicionGen) values (61,'Cofidis','Il Lombardia',52,52,10);
Insert into Presentacion (Dorsal,Equipo_nombre,Carrera_nombre,Corredor_Id,PosicionGen,Ptos_UCI_posicionGen) values (121,'Cofidis','Tour de France',52,10,230);
Insert into Presentacion (Dorsal,Equipo_nombre,Carrera_nombre,Corredor_Id,PosicionGen,Ptos_UCI_posicionGen) values (95,'AG2R Citroen Team','Tour de France',53,8,360);
Insert into Presentacion (Dorsal,Equipo_nombre,Carrera_nombre,Corredor_Id,PosicionGen,Ptos_UCI_posicionGen) values (13,'AG2R Citroen Team','Itzulia Basque Country',53,10,68);
Insert into Presentacion (Dorsal,Equipo_nombre,Carrera_nombre,Corredor_Id,PosicionGen,Ptos_UCI_posicionGen) values (11,'AG2R Citroen Team','Criterium du Dauphine',54,3,325);
Insert into Presentacion (Dorsal,Equipo_nombre,Carrera_nombre,Corredor_Id,PosicionGen,Ptos_UCI_posicionGen) values (145,'AG2R Citroen Team','Liege-Bastogne-Liege',54,50,5);
Insert into Presentacion (Dorsal,Equipo_nombre,Carrera_nombre,Corredor_Id,PosicionGen,Ptos_UCI_posicionGen) values (141,'AG2R Citroen Team','Liege-Bastogne-Liege',55,54,10);
Insert into Presentacion (Dorsal,Equipo_nombre,Carrera_nombre,Corredor_Id,PosicionGen,Ptos_UCI_posicionGen) values (11,'AG2R Citroen Team','Milano-Sanremo',55,22,30);
Insert into Presentacion (Dorsal,Equipo_nombre,Carrera_nombre,Corredor_Id,PosicionGen,Ptos_UCI_posicionGen) values (113,'AG2R Citroen Team','La Vuelta Ciclista a España',56,51,15);
Insert into Presentacion (Dorsal,Equipo_nombre,Carrera_nombre,Corredor_Id,PosicionGen,Ptos_UCI_posicionGen) values (95,'AG2R Citroen Team','Paris-Niza',56,38,10);
Insert into Presentacion (Dorsal,Equipo_nombre,Carrera_nombre,Corredor_Id,PosicionGen,Ptos_UCI_posicionGen) values (61,'Groupama-FDJ','Paris-Niza',57,2,400);
Insert into Presentacion (Dorsal,Equipo_nombre,Carrera_nombre,Corredor_Id,PosicionGen,Ptos_UCI_posicionGen) values (91,'Groupama-FDJ','Itzulia Basque Country',57,4,220);
Insert into Presentacion (Dorsal,Equipo_nombre,Carrera_nombre,Corredor_Id,PosicionGen,Ptos_UCI_posicionGen) values (191,'Groupama-FDJ','Ronde van Vlaanderen-Tour des Flanders',58,6,280);
Insert into Presentacion (Dorsal,Equipo_nombre,Carrera_nombre,Corredor_Id,PosicionGen,Ptos_UCI_posicionGen) values (11,'Groupama-FDJ','Paris-Roubaix',58,5,360);
Insert into Presentacion (Dorsal,Equipo_nombre,Carrera_nombre,Corredor_Id,PosicionGen,Ptos_UCI_posicionGen) values (106,'Groupama-FDJ','Il Lombardia',59,38,15);
Insert into Presentacion (Dorsal,Equipo_nombre,Carrera_nombre,Corredor_Id,PosicionGen,Ptos_UCI_posicionGen) values (36,'Groupama-FDJ','Tour de France',59,63,0);
Insert into Presentacion (Dorsal,Equipo_nombre,Carrera_nombre,Corredor_Id,PosicionGen,Ptos_UCI_posicionGen) values (66,'Groupama-FDJ','Criterium du Dauphine',60,18,30);
Insert into Presentacion (Dorsal,Equipo_nombre,Carrera_nombre,Corredor_Id,PosicionGen,Ptos_UCI_posicionGen) values (62,'Groupama-FDJ','La Vuelta Ciclista a España',60,24,50);
Insert into Presentacion (Dorsal,Equipo_nombre,Carrera_nombre,Corredor_Id,PosicionGen,Ptos_UCI_posicionGen) values (111,'Intermarche-Circus-Wanty','Milano-Sanremo',61,28,30);
Insert into Presentacion (Dorsal,Equipo_nombre,Carrera_nombre,Corredor_Id,PosicionGen,Ptos_UCI_posicionGen) values (111,'Intermarche-Circus-Wanty','Tirreno-Adriatico',61,81,0);
Insert into Presentacion (Dorsal,Equipo_nombre,Carrera_nombre,Corredor_Id,PosicionGen,Ptos_UCI_posicionGen) values (114,'Intermarche-Circus-Wanty','Tirreno-Adriatico',62,25,20);
Insert into Presentacion (Dorsal,Equipo_nombre,Carrera_nombre,Corredor_Id,PosicionGen,Ptos_UCI_posicionGen) values (114,'Intermarche-Circus-Wanty','Milano-Sanremo',62,31,15);
Insert into Presentacion (Dorsal,Equipo_nombre,Carrera_nombre,Corredor_Id,PosicionGen,Ptos_UCI_posicionGen) values (147,'Intermarche-Circus-Wanty','Tour de Romandie',63,25,20);
Insert into Presentacion (Dorsal,Equipo_nombre,Carrera_nombre,Corredor_Id,PosicionGen,Ptos_UCI_posicionGen) values (106,'Intermarche-Circus-Wanty','Itzulia Basque Country',63,15,28);
Insert into Presentacion (Dorsal,Equipo_nombre,Carrera_nombre,Corredor_Id,PosicionGen,Ptos_UCI_posicionGen) values (141,'Intermarche-Circus-Wanty','Tour de Romandie',64,19,30);
Insert into Presentacion (Dorsal,Equipo_nombre,Carrera_nombre,Corredor_Id,PosicionGen,Ptos_UCI_posicionGen) values (81,'Intermarche-Circus-Wanty','Criterium du Dauphine',64,7,150);
Insert into Presentacion (Dorsal,Equipo_nombre,Carrera_nombre,Corredor_Id,PosicionGen,Ptos_UCI_posicionGen) values (121,'Movistar Team','Donostia San Sebastian Klasikoa',65,7,120);
Insert into Presentacion (Dorsal,Equipo_nombre,Carrera_nombre,Corredor_Id,PosicionGen,Ptos_UCI_posicionGen) values (123,'Movistar Team','Itzulia Basque Country',65,36,8);
Insert into Presentacion (Dorsal,Equipo_nombre,Carrera_nombre,Corredor_Id,PosicionGen,Ptos_UCI_posicionGen) values (181,'Movistar Team','Paris-Roubaix',66,32,15);
Insert into Presentacion (Dorsal,Equipo_nombre,Carrera_nombre,Corredor_Id,PosicionGen,Ptos_UCI_posicionGen) values (201,'Movistar Team','Ronde van Vlaanderen-Tour des Flanders',66,21,30);
Insert into Presentacion (Dorsal,Equipo_nombre,Carrera_nombre,Corredor_Id,PosicionGen,Ptos_UCI_posicionGen) values (152,'Movistar Team','Giro dItalia',67,117,0);
Insert into Presentacion (Dorsal,Equipo_nombre,Carrera_nombre,Corredor_Id,PosicionGen,Ptos_UCI_posicionGen) values (83,'Movistar Team','Tour de Romandie',67,105,0);
Insert into Presentacion (Dorsal,Equipo_nombre,Carrera_nombre,Corredor_Id,PosicionGen,Ptos_UCI_posicionGen) values (175,'Movistar Team','Il Lombardia',68,48,15);
Insert into Presentacion (Dorsal,Equipo_nombre,Carrera_nombre,Corredor_Id,PosicionGen,Ptos_UCI_posicionGen) values (135,'Movistar Team','Tour de France',68,44,25);
Insert into Presentacion (Dorsal,Equipo_nombre,Carrera_nombre,Corredor_Id,PosicionGen,Ptos_UCI_posicionGen) values (91,'Team dsm- firmenich','Paris-Roubaix',69,7,240);
Insert into Presentacion (Dorsal,Equipo_nombre,Carrera_nombre,Corredor_Id,PosicionGen,Ptos_UCI_posicionGen) values (121,'Team dsm- firmenich','Ronde van Vlaanderen-Tour des Flanders',69,19,50);
Insert into Presentacion (Dorsal,Equipo_nombre,Carrera_nombre,Corredor_Id,PosicionGen,Ptos_UCI_posicionGen) values (56,'Team dsm- firmenich','Paris-Niza',70,34,10);
Insert into Presentacion (Dorsal,Equipo_nombre,Carrera_nombre,Corredor_Id,PosicionGen,Ptos_UCI_posicionGen) values (145,'Team dsm- firmenich','Tour de Romandie',70,61,0);
Insert into Presentacion (Dorsal,Equipo_nombre,Carrera_nombre,Corredor_Id,PosicionGen,Ptos_UCI_posicionGen) values (165,'Team dsm- firmenich','Volta Ciclista a Catalunya',71,124,0);
Insert into Presentacion (Dorsal,Equipo_nombre,Carrera_nombre,Corredor_Id,PosicionGen,Ptos_UCI_posicionGen) values (174,'Team dsm- firmenich','Criterium du Dauphine',71,104,0);
Insert into Presentacion (Dorsal,Equipo_nombre,Carrera_nombre,Corredor_Id,PosicionGen,Ptos_UCI_posicionGen) values (158,'Team dsm- firmenich','Donostia San Sebastian Klasikoa',72,21,16);
Insert into Presentacion (Dorsal,Equipo_nombre,Carrera_nombre,Corredor_Id,PosicionGen,Ptos_UCI_posicionGen) values (147,'Team dsm- firmenich','Tour de Suisse',72,27,20);
Insert into Presentacion (Dorsal,Equipo_nombre,Carrera_nombre,Corredor_Id,PosicionGen,Ptos_UCI_posicionGen) values (121,'Israel-Premier Tech','Strade Bianche',73,28,16);
Insert into Presentacion (Dorsal,Equipo_nombre,Carrera_nombre,Corredor_Id,PosicionGen,Ptos_UCI_posicionGen) values (103,'Israel-Premier Tech','Liege-Bastogne-Liege',73,35,15);
Insert into Presentacion (Dorsal,Equipo_nombre,Carrera_nombre,Corredor_Id,PosicionGen,Ptos_UCI_posicionGen) values (201,'Israel-Premier Tech','Paris-Niza',74,30,20);
Insert into Presentacion (Dorsal,Equipo_nombre,Carrera_nombre,Corredor_Id,PosicionGen,Ptos_UCI_posicionGen) values (164,'Israel-Premier Tech','Ronde van Vlaanderen-Tour des Flanders',74,66,0);
Insert into Presentacion (Dorsal,Equipo_nombre,Carrera_nombre,Corredor_Id,PosicionGen,Ptos_UCI_posicionGen) values (197,'Israel-Premier Tech','Volta Ciclista a Catalunya',75,53,4);
Insert into Presentacion (Dorsal,Equipo_nombre,Carrera_nombre,Corredor_Id,PosicionGen,Ptos_UCI_posicionGen) values (136,'Israel-Premier Tech','Giro dItalia',75,56,10);
Insert into Presentacion (Dorsal,Equipo_nombre,Carrera_nombre,Corredor_Id,PosicionGen,Ptos_UCI_posicionGen) values (137,'Israel-Premier Tech','Il Lombardia',76,12,95);
Insert into Presentacion (Dorsal,Equipo_nombre,Carrera_nombre,Corredor_Id,PosicionGen,Ptos_UCI_posicionGen) values (151,'Israel-Premier Tech','Tour de France',76,48,25);
Insert into Presentacion (Dorsal,Equipo_nombre,Carrera_nombre,Corredor_Id,PosicionGen,Ptos_UCI_posicionGen) values (142,'Lotto Dstny','Criterium du Dauphine',77,82,0);
Insert into Presentacion (Dorsal,Equipo_nombre,Carrera_nombre,Corredor_Id,PosicionGen,Ptos_UCI_posicionGen) values (182,'Lotto Dstny','Tour de France',77,64,0);
Insert into Presentacion (Dorsal,Equipo_nombre,Carrera_nombre,Corredor_Id,PosicionGen,Ptos_UCI_posicionGen) values (162,'Lotto Dstny','Il Lombardia',78,10,135);
Insert into Presentacion (Dorsal,Equipo_nombre,Carrera_nombre,Corredor_Id,PosicionGen,Ptos_UCI_posicionGen) values (141,'Lotto Dstny','Strade Bianche',78,10,68);
Insert into Presentacion (Dorsal,Equipo_nombre,Carrera_nombre,Corredor_Id,PosicionGen,Ptos_UCI_posicionGen) values (143,'Lotto Dstny','Milano-Sanremo',79,95,0);
Insert into Presentacion (Dorsal,Equipo_nombre,Carrera_nombre,Corredor_Id,PosicionGen,Ptos_UCI_posicionGen) values (83,'Lotto Dstny','Paris-Roubaix',79,50,15);
Insert into Presentacion (Dorsal,Equipo_nombre,Carrera_nombre,Corredor_Id,PosicionGen,Ptos_UCI_posicionGen) values (47,'Lotto Dstny','Ronde van Vlaanderen-Tour des Flanders',80,12,95);
Insert into Presentacion (Dorsal,Equipo_nombre,Carrera_nombre,Corredor_Id,PosicionGen,Ptos_UCI_posicionGen) values (81,'Lotto Dstny','Paris-Roubaix',80,12,95);

select * from presentacion;

-- Tabla es
Insert into Es values (8,1);
Insert into Es values (13,16);
Insert into Es values (24,21);
Insert into Es values (30,28);
Insert into Es values (35,34);
Insert into Es values (37,39);
Insert into Es values (36,40);
Insert into Es values (48,42);
Insert into Es values (43,41);
Insert into Es values (51,49);
Insert into Es values (50,53);
Insert into Es values (70,72);
Insert into Es values (70,68);
Insert into Es values (70,66);
Insert into Es values (77,79);
Insert into Es values (85,83);
Insert into Es values (86,81);
Insert into Es values (89,91);
Insert into Es values (89,96);
Insert into Es values (104,97);
Insert into Es values (104,101);
Insert into Es values (102,100);
Insert into Es values (108,109);
Insert into Es values (123,122);
Insert into Es values (127,125);
Insert into Es values (121,124);
Insert into Es values (160,159);

select * from es;

-- Tabla corre
Insert into Corre (Presentacion_Id,Etapa_Carrera_nombre,Etapa_nº_etapa,PosicionEtp,PtosUCIposicionEtp) values (55,'Paris-Niza',4,13,0);
Insert into Corre (Presentacion_Id,Etapa_Carrera_nombre,Etapa_nº_etapa,PosicionEtp,PtosUCIposicionEtp) values (55,'Paris-Niza',8,3,18);
Insert into Corre (Presentacion_Id,Etapa_Carrera_nombre,Etapa_nº_etapa,PosicionEtp,PtosUCIposicionEtp) values (112,'Paris-Niza',4,54,0);
Insert into Corre (Presentacion_Id,Etapa_Carrera_nombre,Etapa_nº_etapa,PosicionEtp,PtosUCIposicionEtp) values (112,'Paris-Niza',8,49,0);
Insert into Corre (Presentacion_Id,Etapa_Carrera_nombre,Etapa_nº_etapa,PosicionEtp,PtosUCIposicionEtp) values (113,'Paris-Niza',4,2,30);
Insert into Corre (Presentacion_Id,Etapa_Carrera_nombre,Etapa_nº_etapa,PosicionEtp,PtosUCIposicionEtp) values (113,'Paris-Niza',8,46,0);
Insert into Corre (Presentacion_Id,Etapa_Carrera_nombre,Etapa_nº_etapa,PosicionEtp,PtosUCIposicionEtp) values (9,'Tirreno-Adriatico',1,43,0);
Insert into Corre (Presentacion_Id,Etapa_Carrera_nombre,Etapa_nº_etapa,PosicionEtp,PtosUCIposicionEtp) values (9,'Tirreno-Adriatico',7,137,0);
Insert into Corre (Presentacion_Id,Etapa_Carrera_nombre,Etapa_nº_etapa,PosicionEtp,PtosUCIposicionEtp) values (32,'Tirreno-Adriatico',1,20,0);
Insert into Corre (Presentacion_Id,Etapa_Carrera_nombre,Etapa_nº_etapa,PosicionEtp,PtosUCIposicionEtp) values (32,'Tirreno-Adriatico',7,38,0);
Insert into Corre (Presentacion_Id,Etapa_Carrera_nombre,Etapa_nº_etapa,PosicionEtp,PtosUCIposicionEtp) values (71,'Tirreno-Adriatico',1,99,0);
Insert into Corre (Presentacion_Id,Etapa_Carrera_nombre,Etapa_nº_etapa,PosicionEtp,PtosUCIposicionEtp) values (71,'Tirreno-Adriatico',7,103,0);
Insert into Corre (Presentacion_Id,Etapa_Carrera_nombre,Etapa_nº_etapa,PosicionEtp,PtosUCIposicionEtp) values (14,'Volta Ciclista a Catalunya',2,3,18);
Insert into Corre (Presentacion_Id,Etapa_Carrera_nombre,Etapa_nº_etapa,PosicionEtp,PtosUCIposicionEtp) values (14,'Volta Ciclista a Catalunya',3,1,50);
Insert into Corre (Presentacion_Id,Etapa_Carrera_nombre,Etapa_nº_etapa,PosicionEtp,PtosUCIposicionEtp) values (18,'Volta Ciclista a Catalunya',2,6,7);
Insert into Corre (Presentacion_Id,Etapa_Carrera_nombre,Etapa_nº_etapa,PosicionEtp,PtosUCIposicionEtp) values (18,'Volta Ciclista a Catalunya',3,5,10);
Insert into Corre (Presentacion_Id,Etapa_Carrera_nombre,Etapa_nº_etapa,PosicionEtp,PtosUCIposicionEtp) values (80,'Volta Ciclista a Catalunya',2,31,0);
Insert into Corre (Presentacion_Id,Etapa_Carrera_nombre,Etapa_nº_etapa,PosicionEtp,PtosUCIposicionEtp) values (80,'Volta Ciclista a Catalunya',3,34,0);
Insert into Corre (Presentacion_Id,Etapa_Carrera_nombre,Etapa_nº_etapa,PosicionEtp,PtosUCIposicionEtp) values (130,'Itzulia Basque Country',3,10,1);
Insert into Corre (Presentacion_Id,Etapa_Carrera_nombre,Etapa_nº_etapa,PosicionEtp,PtosUCIposicionEtp) values (130,'Itzulia Basque Country',6,75,0);
Insert into Corre (Presentacion_Id,Etapa_Carrera_nombre,Etapa_nº_etapa,PosicionEtp,PtosUCIposicionEtp) values (126,'Itzulia Basque Country',3,36,0);
Insert into Corre (Presentacion_Id,Etapa_Carrera_nombre,Etapa_nº_etapa,PosicionEtp,PtosUCIposicionEtp) values (126,'Itzulia Basque Country',6,16,0);
Insert into Corre (Presentacion_Id,Etapa_Carrera_nombre,Etapa_nº_etapa,PosicionEtp,PtosUCIposicionEtp) values (114,'Itzulia Basque Country',3,5,10);
Insert into Corre (Presentacion_Id,Etapa_Carrera_nombre,Etapa_nº_etapa,PosicionEtp,PtosUCIposicionEtp) values (114,'Itzulia Basque Country',6,6,7);
Insert into Corre (Presentacion_Id,Etapa_Carrera_nombre,Etapa_nº_etapa,PosicionEtp,PtosUCIposicionEtp) values (56,'Tour de Romandie',3,39,0);
Insert into Corre (Presentacion_Id,Etapa_Carrera_nombre,Etapa_nº_etapa,PosicionEtp,PtosUCIposicionEtp) values (56,'Tour de Romandie',4,39,0);
Insert into Corre (Presentacion_Id,Etapa_Carrera_nombre,Etapa_nº_etapa,PosicionEtp,PtosUCIposicionEtp) values (125,'Tour de Romandie',3,15,0);
Insert into Corre (Presentacion_Id,Etapa_Carrera_nombre,Etapa_nº_etapa,PosicionEtp,PtosUCIposicionEtp) values (125,'Tour de Romandie',4,25,0);
Insert into Corre (Presentacion_Id,Etapa_Carrera_nombre,Etapa_nº_etapa,PosicionEtp,PtosUCIposicionEtp) values (127,'Tour de Romandie',3,54,0);
Insert into Corre (Presentacion_Id,Etapa_Carrera_nombre,Etapa_nº_etapa,PosicionEtp,PtosUCIposicionEtp) values (127,'Tour de Romandie',4,16,0);
Insert into Corre (Presentacion_Id,Etapa_Carrera_nombre,Etapa_nº_etapa,PosicionEtp,PtosUCIposicionEtp) values (7,'Giro dItalia',1,9,8);
Insert into Corre (Presentacion_Id,Etapa_Carrera_nombre,Etapa_nº_etapa,PosicionEtp,PtosUCIposicionEtp) values (7,'Giro dItalia',6,33,0);
Insert into Corre (Presentacion_Id,Etapa_Carrera_nombre,Etapa_nº_etapa,PosicionEtp,PtosUCIposicionEtp) values (7,'Giro dItalia',16,2,50);
Insert into Corre (Presentacion_Id,Etapa_Carrera_nombre,Etapa_nº_etapa,PosicionEtp,PtosUCIposicionEtp) values (15,'Giro dItalia',1,16,0);
Insert into Corre (Presentacion_Id,Etapa_Carrera_nombre,Etapa_nº_etapa,PosicionEtp,PtosUCIposicionEtp) values (15,'Giro dItalia',6,39,0);
Insert into Corre (Presentacion_Id,Etapa_Carrera_nombre,Etapa_nº_etapa,PosicionEtp,PtosUCIposicionEtp) values (15,'Giro dItalia',16,6,15);
Insert into Corre (Presentacion_Id,Etapa_Carrera_nombre,Etapa_nº_etapa,PosicionEtp,PtosUCIposicionEtp) values (44,'Giro dItalia',1,22,0);
Insert into Corre (Presentacion_Id,Etapa_Carrera_nombre,Etapa_nº_etapa,PosicionEtp,PtosUCIposicionEtp) values (44,'Giro dItalia',6,22,0);
Insert into Corre (Presentacion_Id,Etapa_Carrera_nombre,Etapa_nº_etapa,PosicionEtp,PtosUCIposicionEtp) values (44,'Giro dItalia',16,11,5);
Insert into Corre (Presentacion_Id,Etapa_Carrera_nombre,Etapa_nº_etapa,PosicionEtp,PtosUCIposicionEtp) values (50,'Giro dItalia',1,66,0);
Insert into Corre (Presentacion_Id,Etapa_Carrera_nombre,Etapa_nº_etapa,PosicionEtp,PtosUCIposicionEtp) values (50,'Giro dItalia',6,70,0);
Insert into Corre (Presentacion_Id,Etapa_Carrera_nombre,Etapa_nº_etapa,PosicionEtp,PtosUCIposicionEtp) values (50,'Giro dItalia',16,15,1);
Insert into Corre (Presentacion_Id,Etapa_Carrera_nombre,Etapa_nº_etapa,PosicionEtp,PtosUCIposicionEtp) values (36,'Criterium du Dauphine',1,24,0);
Insert into Corre (Presentacion_Id,Etapa_Carrera_nombre,Etapa_nº_etapa,PosicionEtp,PtosUCIposicionEtp) values (36,'Criterium du Dauphine',2,21,0);
Insert into Corre (Presentacion_Id,Etapa_Carrera_nombre,Etapa_nº_etapa,PosicionEtp,PtosUCIposicionEtp) values (40,'Criterium du Dauphine',1,1,50);
Insert into Corre (Presentacion_Id,Etapa_Carrera_nombre,Etapa_nº_etapa,PosicionEtp,PtosUCIposicionEtp) values (40,'Criterium du Dauphine',2,4,13);
Insert into Corre (Presentacion_Id,Etapa_Carrera_nombre,Etapa_nº_etapa,PosicionEtp,PtosUCIposicionEtp) values (22,'Criterium du Dauphine',1,25,0);
Insert into Corre (Presentacion_Id,Etapa_Carrera_nombre,Etapa_nº_etapa,PosicionEtp,PtosUCIposicionEtp) values (22,'Criterium du Dauphine',2,31,0);
Insert into Corre (Presentacion_Id,Etapa_Carrera_nombre,Etapa_nº_etapa,PosicionEtp,PtosUCIposicionEtp) values (19,'Tour de Suisse',4,14,0);
Insert into Corre (Presentacion_Id,Etapa_Carrera_nombre,Etapa_nº_etapa,PosicionEtp,PtosUCIposicionEtp) values (19,'Tour de Suisse',5,1,50);
Insert into Corre (Presentacion_Id,Etapa_Carrera_nombre,Etapa_nº_etapa,PosicionEtp,PtosUCIposicionEtp) values (45,'Tour de Suisse',4,10,1);
Insert into Corre (Presentacion_Id,Etapa_Carrera_nombre,Etapa_nº_etapa,PosicionEtp,PtosUCIposicionEtp) values (45,'Tour de Suisse',5,22,0);
Insert into Corre (Presentacion_Id,Etapa_Carrera_nombre,Etapa_nº_etapa,PosicionEtp,PtosUCIposicionEtp) values (63,'Tour de Suisse',4,101,0);
Insert into Corre (Presentacion_Id,Etapa_Carrera_nombre,Etapa_nº_etapa,PosicionEtp,PtosUCIposicionEtp) values (63,'Tour de Suisse',5,53,0);
Insert into Corre (Presentacion_Id,Etapa_Carrera_nombre,Etapa_nº_etapa,PosicionEtp,PtosUCIposicionEtp) values (24,'Tour de France',4,24,0);
Insert into Corre (Presentacion_Id,Etapa_Carrera_nombre,Etapa_nº_etapa,PosicionEtp,PtosUCIposicionEtp) values (24,'Tour de France',6,1,100);
Insert into Corre (Presentacion_Id,Etapa_Carrera_nombre,Etapa_nº_etapa,PosicionEtp,PtosUCIposicionEtp) values (24,'Tour de France',19,42,0);
Insert into Corre (Presentacion_Id,Etapa_Carrera_nombre,Etapa_nº_etapa,PosicionEtp,PtosUCIposicionEtp) values (35,'Tour de France',4,25,0);
Insert into Corre (Presentacion_Id,Etapa_Carrera_nombre,Etapa_nº_etapa,PosicionEtp,PtosUCIposicionEtp) values (35,'Tour de France',6,2,70);
Insert into Corre (Presentacion_Id,Etapa_Carrera_nombre,Etapa_nº_etapa,PosicionEtp,PtosUCIposicionEtp) values (35,'Tour de France',19,37,0);
Insert into Corre (Presentacion_Id,Etapa_Carrera_nombre,Etapa_nº_etapa,PosicionEtp,PtosUCIposicionEtp) values (34,'Tour de France',4,62,0);
Insert into Corre (Presentacion_Id,Etapa_Carrera_nombre,Etapa_nº_etapa,PosicionEtp,PtosUCIposicionEtp) values (34,'Tour de France',6,14,2);
Insert into Corre (Presentacion_Id,Etapa_Carrera_nombre,Etapa_nº_etapa,PosicionEtp,PtosUCIposicionEtp) values (34,'Tour de France',19,38,0);
Insert into Corre (Presentacion_Id,Etapa_Carrera_nombre,Etapa_nº_etapa,PosicionEtp,PtosUCIposicionEtp) values (21,'Tour de France',4,46,0);
Insert into Corre (Presentacion_Id,Etapa_Carrera_nombre,Etapa_nº_etapa,PosicionEtp,PtosUCIposicionEtp) values (21,'Tour de France',6,9,14);
Insert into Corre (Presentacion_Id,Etapa_Carrera_nombre,Etapa_nº_etapa,PosicionEtp,PtosUCIposicionEtp) values (21,'Tour de France',19,43,0);
Insert into Corre (Presentacion_Id,Etapa_Carrera_nombre,Etapa_nº_etapa,PosicionEtp,PtosUCIposicionEtp) values (33,'La Vuelta Ciclista a España',2,76,0);
Insert into Corre (Presentacion_Id,Etapa_Carrera_nombre,Etapa_nº_etapa,PosicionEtp,PtosUCIposicionEtp) values (33,'La Vuelta Ciclista a España',9,15,1);
Insert into Corre (Presentacion_Id,Etapa_Carrera_nombre,Etapa_nº_etapa,PosicionEtp,PtosUCIposicionEtp) values (33,'La Vuelta Ciclista a España',13,2,50);
Insert into Corre (Presentacion_Id,Etapa_Carrera_nombre,Etapa_nº_etapa,PosicionEtp,PtosUCIposicionEtp) values (43,'La Vuelta Ciclista a España',2,67,0);
Insert into Corre (Presentacion_Id,Etapa_Carrera_nombre,Etapa_nº_etapa,PosicionEtp,PtosUCIposicionEtp) values (43,'La Vuelta Ciclista a España',9,1,80);
Insert into Corre (Presentacion_Id,Etapa_Carrera_nombre,Etapa_nº_etapa,PosicionEtp,PtosUCIposicionEtp) values (43,'La Vuelta Ciclista a España',13,91,0);
Insert into Corre (Presentacion_Id,Etapa_Carrera_nombre,Etapa_nº_etapa,PosicionEtp,PtosUCIposicionEtp) values (77,'La Vuelta Ciclista a España',2,59,0);
Insert into Corre (Presentacion_Id,Etapa_Carrera_nombre,Etapa_nº_etapa,PosicionEtp,PtosUCIposicionEtp) values (77,'La Vuelta Ciclista a España',9,11,5);
Insert into Corre (Presentacion_Id,Etapa_Carrera_nombre,Etapa_nº_etapa,PosicionEtp,PtosUCIposicionEtp) values (77,'La Vuelta Ciclista a España',13,19,0);
Insert into Corre (Presentacion_Id,Etapa_Carrera_nombre,Etapa_nº_etapa,PosicionEtp,PtosUCIposicionEtp) values (82,'La Vuelta Ciclista a España',2,19,0);
Insert into Corre (Presentacion_Id,Etapa_Carrera_nombre,Etapa_nº_etapa,PosicionEtp,PtosUCIposicionEtp) values (82,'La Vuelta Ciclista a España',9,155,0);
Insert into Corre (Presentacion_Id,Etapa_Carrera_nombre,Etapa_nº_etapa,PosicionEtp,PtosUCIposicionEtp) values (82,'La Vuelta Ciclista a España',13,128,0);

select * from corre;